titulo,precio,precio_texto,ubicacion,comuna,region,dormitorios,banos,superficie_total,superficie_util,estacionamientos,url,vendedor,fecha_scraping
Casona Colonial A Pasos Metro Matta,46.0,$46,"Serrano 1001, 8330974 Santiago, Región Metropolitana, Chile, San Diego, Santiago",San Diego,Santiago,6.0,3.0,,200.0,,https://portalinmobiliario.com/MLC-3114533426-casona-colonial-a-pasos-metro-matta-_JM?has_official_store=false&highlight=false&headerTopBrand=false#polycard_client=search-nordic&search_layout=grid&position=1&type=item&tracking_id=11843234-fb40-41b9-afca-8ecd8fa8c277,,2025-10-10 13:02:57
Casa Santa Victoria Id: 159990,360000.0,$360.000,"Santa Victoria, Santa Isabel, Santiago",Santa Isabel,Santiago,1.0,1.0,,33.0,,https://portalinmobiliario.com/MLC-3194762600-casa-santa-victoria-id-159990-_JM?has_official_store=false&highlight=false&headerTopBrand=false#polycard_client=search-nordic&search_layout=grid&position=2&type=item&tracking_id=11843234-fb40-41b9-afca-8ecd8fa8c277,Houm,2025-10-10 13:02:57
Magnifica Casa Patrimonial En Centro Cívico,2000000.0,$2.000.000,"Amunategui, Centro Histórico De Santiago, Santiago",Centro Histórico De Santiago,Santiago,15.0,5.0,,396.0,,https://portalinmobiliario.com/MLC-2971864770-magnifica-casa-patrimonial-en-centro-civico-_JM?has_official_store=false&highlight=false&headerTopBrand=false#polycard_client=search-nordic&search_layout=grid&position=3&type=item&tracking_id=11843234-fb40-41b9-afca-8ecd8fa8c277,Engel & Völkers Ñuñoa,2025-10-10 13:02:57
Casa En Arriendo De 2 Dorm. En Santiago,490000.0,$490.000,"ERASMO ESCALA-ESPERANZA, Barrio Yungay, Santiago",Barrio Yungay,Santiago,2.0,1.0,,80.0,,https://portalinmobiliario.com/MLC-1704810307-casa-en-arriendo-de-2-dorm-en-santiago-_JM?has_official_store=false&highlight=false&headerTopBrand=false#polycard_client=search-nordic&search_layout=grid&position=4&type=item&tracking_id=11843234-fb40-41b9-afca-8ecd8fa8c277,,2025-10-10 13:02:57
Casa Apta Para Oficina Con Patente Comercial,1200000.0,$1.200.000,"Pedro León Ugalde 1365, Santiago, Bogotá - Sierra Bella, Santiago",Bogotá - Sierra Bella,Santiago,5.0,2.0,,185.0,,https://portalinmobiliario.com/MLC-3199333368-casa-apta-para-oficina-con-patente-comercial-_JM?has_official_store=false&highlight=false&headerTopBrand=false#polycard_client=search-nordic&search_layout=grid&position=5&type=item&tracking_id=11843234-fb40-41b9-afca-8ecd8fa8c277,,2025-10-10 13:02:57
Casa Miguel León Prado Taller/comercio/bodega  Metro Ñuble,700000.0,$700.000,"Miguel León Prado 127, Santiago, Bogotá - Sierra Bella, Santiago",Bogotá - Sierra Bella,Santiago,3.0,1.0,,90.0,,https://portalinmobiliario.com/MLC-1704706143-casa-miguel-leon-prado-tallercomerciobodega-metro-nuble-_JM?has_official_store=false&highlight=false&headerTopBrand=false#polycard_client=search-nordic&search_layout=grid&position=6&type=item&tracking_id=11843234-fb40-41b9-afca-8ecd8fa8c277,,2025-10-10 13:02:57
Casa Remodelada Para Taller O Bodega Giro Comercial,1200000.0,$1.200.000,"Espiñeira, Santiago, Club Hípico, Santiago",Club Hípico,Santiago,6.0,2.0,,200.0,,https://portalinmobiliario.com/MLC-3193055142-casa-remodelada-para-taller-o-bodega-giro-comercial-_JM?has_official_store=false&highlight=false&headerTopBrand=false#polycard_client=search-nordic&search_layout=grid&position=7&type=item&tracking_id=11843234-fb40-41b9-afca-8ecd8fa8c277,,2025-10-10 13:02:57
Espectacular Y Amplia Casa,1200000.0,$1.200.000,"Ñuble 263, Santiago, Bogotá - Sierra Bella, Santiago",Bogotá - Sierra Bella,Santiago,5.0,2.0,,250.0,,https://portalinmobiliario.com/MLC-1694557265-espectacular-y-amplia-casa-_JM?has_official_store=false&highlight=false&headerTopBrand=false#polycard_client=search-nordic&search_layout=grid&position=8&type=item&tracking_id=11843234-fb40-41b9-afca-8ecd8fa8c277,,2025-10-10 13:02:57
Casa En Arriendo Morandé,280000.0,$280.000,"Protección Mutua De Chile, Santiago, Centro Histórico De Santiago, Santiago",Centro Histórico De Santiago,Santiago,1.0,1.0,,40.0,,https://portalinmobiliario.com/MLC-1704865969-casa-en-arriendo-morande-_JM?has_official_store=false&highlight=false&headerTopBrand=false#polycard_client=search-nordic&search_layout=grid&position=9&type=item&tracking_id=11843234-fb40-41b9-afca-8ecd8fa8c277,,2025-10-10 13:02:57
Casa En Arriendo De 4 Dorm. En Santiago,1300000.0,$1.300.000,"Cuevas/Metro Ñuble, Bogotá - Sierra Bella, Santiago",Bogotá - Sierra Bella,Santiago,4.0,2.0,,307.0,,https://portalinmobiliario.com/MLC-1645787931-casa-en-arriendo-de-4-dorm-en-santiago-_JM?has_official_store=false&highlight=false&headerTopBrand=false#polycard_client=search-nordic&search_layout=grid&position=10&type=item&tracking_id=11843234-fb40-41b9-afca-8ecd8fa8c277,Alejandro Jaime V. & Asociados,2025-10-10 13:02:57
"Acogedora Casa 120/175m2, Rogelio Ugarte / Victoria, Stgo.",1000000.0,$1.000.000,"Rogelio Ugarte 1435, Santiago, Bogotá - Sierra Bella, Santiago",Bogotá - Sierra Bella,Santiago,3.0,1.0,,120.0,,https://portalinmobiliario.com/MLC-1691123381-acogedora-casa-120175m2-rogelio-ugarte-victoria-stgo-_JM?has_official_store=false&highlight=false&headerTopBrand=false#polycard_client=search-nordic&search_layout=grid&position=11&type=item&tracking_id=11843234-fb40-41b9-afca-8ecd8fa8c277,,2025-10-10 13:02:57
"Edificio 4 Pisos En Arriendo, Santiago",125.0,$125,"Paulino Alfonso 357, Santiago, Barrio Lastarria, Santiago",Barrio Lastarria,Santiago,20.0,10.0,,716.0,,https://portalinmobiliario.com/MLC-1702547561-edificio-4-pisos-en-arriendo-santiago-_JM?has_official_store=false&highlight=false&headerTopBrand=false#polycard_client=search-nordic&search_layout=grid&position=12&type=item&tracking_id=11843234-fb40-41b9-afca-8ecd8fa8c277,,2025-10-10 13:02:57
Excelente Terreno Comercial. Alto Tránsito - Inmob. Escocia,90.0,$90,"Avenida Matta 1420, Parque O'Higgins, Santiago",Parque O'Higgins,Santiago,,,1350.0,,,https://portalinmobiliario.com/MLC-3190798440-excelente-terreno-comercial-alto-transito-inmob-escocia-_JM?has_official_store=false&highlight=false&headerTopBrand=false#polycard_client=search-nordic&search_layout=grid&position=13&type=item&tracking_id=11843234-fb40-41b9-afca-8ecd8fa8c277,,2025-10-10 13:02:57
Casa En Arriendo En Santiago,380.0,$380,"Moneda Entre Cienfuegos Y Barroso, Barrio Brasil, Santiago",Barrio Brasil,Santiago,44.0,14.0,,1572.0,,https://portalinmobiliario.com/MLC-3141458010-casa-en-arriendo-en-santiago-_JM?has_official_store=false&highlight=false&headerTopBrand=false#polycard_client=search-nordic&search_layout=grid&position=14&type=item&tracking_id=11843234-fb40-41b9-afca-8ecd8fa8c277,,2025-10-10 13:02:57
Casa En Arriendo De 5 Dormitorios 5 Baños Piscina,2000000.0,$2.000.000,"Ramón Ángel Jara, Barrio Yungay, Santiago",Barrio Yungay,Santiago,5.0,5.0,,272.0,,https://portalinmobiliario.com/MLC-1685930167-casa-en-arriendo-de-5-dormitorios-5-banos-piscina-_JM?has_official_store=false&highlight=false&headerTopBrand=false#polycard_client=search-nordic&search_layout=grid&position=15&type=item&tracking_id=11843234-fb40-41b9-afca-8ecd8fa8c277,,2025-10-10 13:02:57
Arriendo Sede Educacional Cuadras De Santa Ana Y Los Héroes,120.0,$120,"Moneda- Barroso, Barrio Brasil, Santiago",Barrio Brasil,Santiago,13.0,,,842.0,,https://portalinmobiliario.com/MLC-3142963794-arriendo-sede-educacional-cuadras-de-santa-ana-y-los-heroes-_JM?has_official_store=false&highlight=false&headerTopBrand=false#polycard_client=search-nordic&search_layout=grid&position=16&type=item&tracking_id=11843234-fb40-41b9-afca-8ecd8fa8c277,,2025-10-10 13:02:57
Casa En Arriendo En Santiago,385.0,$385,"Barrio Universitario, Barrio Brasil, Santiago",Barrio Brasil,Santiago,,,,1750.0,,https://portalinmobiliario.com/MLC-1713979917-casa-en-arriendo-en-santiago-_JM?has_official_store=false&highlight=false&headerTopBrand=false#polycard_client=search-nordic&search_layout=grid&position=17&type=item&tracking_id=11843234-fb40-41b9-afca-8ecd8fa8c277,,2025-10-10 13:02:57
Se Arrienda Casa De 380m2 - Comercial- Santiago,2500000.0,$2.500.000,"SE ARRIENDA CASA DE 380M2 - COMERCIAL - SANTIAGO, Barrio República, Santiago",Barrio República,Santiago,6.0,4.0,,380.0,,https://portalinmobiliario.com/MLC-1706971481-se-arrienda-casa-de-380m2-comercial-santiago-_JM?has_official_store=false&highlight=false&headerTopBrand=false#polycard_client=search-nordic&search_layout=grid&position=18&type=item&tracking_id=11843234-fb40-41b9-afca-8ecd8fa8c277,Fucs,2025-10-10 13:02:57
"Departamento Amoblado 1 Dormitorio, Santa Rosa / Alameda",349999.0,$349.999,"Santa Rosa 48 Departamento 15, Santa Isabel, Santiago",Santa Isabel,Santiago,1.0,1.0,,48.0,,https://portalinmobiliario.com/MLC-3125234910-departamento-amoblado-1-dormitorio-santa-rosa-alameda-_JM?has_official_store=false&highlight=false&headerTopBrand=false#polycard_client=search-nordic&search_layout=grid&position=19&type=item&tracking_id=11843234-fb40-41b9-afca-8ecd8fa8c277,,2025-10-10 13:02:57
Arriendo Casa Zenteno/victoria 4d/2b/2 Estac  (122253),1600000.0,$1.600.000,"Zenteno 1409, Parque O'Higgins, Santiago",Parque O'Higgins,Santiago,4.0,2.0,,140.0,,https://portalinmobiliario.com/MLC-1713742007-arriendo-casa-zentenovictoria-4d2b2-estac-122253-_JM?has_official_store=false&highlight=false&headerTopBrand=false#polycard_client=search-nordic&search_layout=grid&position=20&type=item&tracking_id=11843234-fb40-41b9-afca-8ecd8fa8c277,,2025-10-10 13:02:57
"Se Arrienda Casa After School, Barrio Brasil (89206)",50.0,$50,"Ramón Ángel Jara 1, Barrio Yungay, Santiago",Barrio Yungay,Santiago,4.0,4.0,,240.0,,https://portalinmobiliario.com/MLC-3190998362-se-arrienda-casa-after-school-barrio-brasil-89206-_JM?has_official_store=false&highlight=false&headerTopBrand=false#polycard_client=search-nordic&search_layout=grid&position=21&type=item&tracking_id=11843234-fb40-41b9-afca-8ecd8fa8c277,,2025-10-10 13:02:57
1 (108277),18000000.0,$18.000.000,"Londres 1 - 300, Bulnes, Santiago",Bulnes,Santiago,35.0,35.0,,2000.0,,https://portalinmobiliario.com/MLC-3169003754-1-108277-_JM?has_official_store=false&highlight=false&headerTopBrand=false#polycard_client=search-nordic&search_layout=grid&position=22&type=item&tracking_id=11843234-fb40-41b9-afca-8ecd8fa8c277,,2025-10-10 13:02:57
"Arriendo, Casa, 4 D - 2 B, Santiago, Barrio Brasil",1000000.0,$1.000.000,"Rosas/Baquedano, Barrio Brasil, Santiago",Barrio Brasil,Santiago,4.0,2.0,,145.0,,https://portalinmobiliario.com/MLC-1713148067-arriendo-casa-4-d-2-b-santiago-barrio-brasil-_JM?has_official_store=false&highlight=false&headerTopBrand=false#polycard_client=search-nordic&search_layout=grid&position=23&type=item&tracking_id=11843234-fb40-41b9-afca-8ecd8fa8c277,Fuenzalida Isabel La Católica,2025-10-10 13:02:57
Casa En Arriendo De 2 Dorm. En Santiago,910000.0,$910.000,"Santa Helena / Arauco, Bogotá - Sierra Bella, Santiago",Bogotá - Sierra Bella,Santiago,2.0,1.0,,98.0,,https://portalinmobiliario.com/MLC-3179438918-casa-en-arriendo-de-2-dorm-en-santiago-_JM?has_official_store=false&highlight=false&headerTopBrand=false#polycard_client=search-nordic&search_layout=grid&position=24&type=item&tracking_id=11843234-fb40-41b9-afca-8ecd8fa8c277,Fuenzalida Isabel La Católica,2025-10-10 13:02:57
Casa En Arriendo De 10 Dorm. En Santiago,2000000.0,$2.000.000,"Metro Universidad De Chile/San Isidro, San Diego, Santiago",San Diego,Santiago,10.0,2.0,,279.0,,https://portalinmobiliario.com/MLC-1701064271-casa-en-arriendo-de-10-dorm-en-santiago-_JM?has_official_store=false&highlight=false&headerTopBrand=false#polycard_client=search-nordic&search_layout=grid&position=25&type=item&tracking_id=11843234-fb40-41b9-afca-8ecd8fa8c277,BINEXXOS BUSINESS INTELLIGENC,2025-10-10 13:02:57
Arriendo Gran Casa En Santiago Centro,1200000.0,$1.200.000,"Manuel Antonio Tocornal, 271, Santa Isabel, Santiago",Santa Isabel,Santiago,5.0,3.0,,200.0,,https://portalinmobiliario.com/MLC-1716584369-arriendo-gran-casa-en-santiago-centro-_JM?has_official_store=false&highlight=false&headerTopBrand=false#polycard_client=search-nordic&search_layout=grid&position=26&type=item&tracking_id=11843234-fb40-41b9-afca-8ecd8fa8c277,,2025-10-10 13:02:57
Casa Y Local Comercial Metro Matta,600000.0,$600.000,"Victoria, 700, Bogotá - Sierra Bella, Santiago",Bogotá - Sierra Bella,Santiago,3.0,1.0,,80.0,,https://portalinmobiliario.com/MLC-3176525044-casa-y-local-comercial-metro-matta-_JM?has_official_store=false&highlight=false&headerTopBrand=false#polycard_client=search-nordic&search_layout=grid&position=27&type=item&tracking_id=11843234-fb40-41b9-afca-8ecd8fa8c277,,2025-10-10 13:02:57
Casa En Arriendo En Santiago,1200000.0,$1.200.000,"Cercano A Av., Vicuña Mackenna, Bogotá - Sierra Bella, Santiago",Bogotá - Sierra Bella,Santiago,,1.0,170.0,,,https://portalinmobiliario.com/MLC-3179142956-casa-en-arriendo-en-santiago-_JM?has_official_store=false&highlight=false&headerTopBrand=false#polycard_client=search-nordic&search_layout=grid&position=28&type=item&tracking_id=11843234-fb40-41b9-afca-8ecd8fa8c277,THE OWL Real Estate,2025-10-10 13:02:57
Casa En Arriendo De 4 Dorm. En Santiago,700000.0,$700.000,"LORD COCHRANE A CUATRO CUADRAS DE AVENIDA MATTA Y METRO RONDIZZONI, Parque O'Higgins, Santiago",Parque O'Higgins,Santiago,4.0,2.0,35.0,,,https://portalinmobiliario.com/MLC-1696225731-casa-en-arriendo-de-4-dorm-en-santiago-_JM?has_official_store=false&highlight=false&headerTopBrand=false#polycard_client=search-nordic&search_layout=grid&position=29&type=item&tracking_id=11843234-fb40-41b9-afca-8ecd8fa8c277,BINEXXOS BUSINESS INTELLIGENC,2025-10-10 13:02:57
Casa En Arriendo De 6 Dorm. En Santiago,1500000.0,$1.500.000,"En Venta / Arriendo Propiedad Comercial A Pasos De Estación Metro Cumming, Barrio Yungay, Santiago",Barrio Yungay,Santiago,6.0,3.0,,499.0,,https://portalinmobiliario.com/MLC-3163647686-casa-en-arriendo-de-6-dorm-en-santiago-_JM?has_official_store=false&highlight=false&headerTopBrand=false#polycard_client=search-nordic&search_layout=grid&position=30&type=item&tracking_id=11843234-fb40-41b9-afca-8ecd8fa8c277,Prosal,2025-10-10 13:02:57
Arriendo Con Opción De Compra Casa Stgo Centro A Min. Metro,550000.0,$550.000,"PROPIEDAD CERCANA A FRANKLIN, Franklin - Biobío, Santiago",Franklin - Biobío,Santiago,4.0,2.0,,79.0,,https://portalinmobiliario.com/MLC-3202299946-arriendo-con-opcion-de-compra-casa-stgo-centro-a-min-metro-_JM?has_official_store=false&highlight=false&headerTopBrand=false#polycard_client=search-nordic&search_layout=grid&position=31&type=item&tracking_id=11843234-fb40-41b9-afca-8ecd8fa8c277,,2025-10-10 13:02:57
Casa En Arriendo De 6d/2b Sector Maule/sierra Bella,1100000.0,$1.100.000,"Maule - Sierra Bella, Bogotá - Sierra Bella, Santiago",Bogotá - Sierra Bella,Santiago,6.0,2.0,,140.0,,https://portalinmobiliario.com/MLC-3193080012-casa-en-arriendo-de-6d2b-sector-maulesierra-bella-_JM?has_official_store=false&highlight=false&headerTopBrand=false#polycard_client=search-nordic&search_layout=grid&position=32&type=item&tracking_id=11843234-fb40-41b9-afca-8ecd8fa8c277,,2025-10-10 13:02:57
Casa En Arriendo En Santiago Con Amplios Espacios,378.0,$378,"SOTOMAYOR // ALAMEDA, Barrio Yungay, Santiago",Barrio Yungay,Santiago,15.0,20.0,,2169.0,,https://portalinmobiliario.com/MLC-3190983874-casa-en-arriendo-en-santiago-con-amplios-espacios-_JM?has_official_store=false&highlight=false&headerTopBrand=false#polycard_client=search-nordic&search_layout=grid&position=33&type=item&tracking_id=11843234-fb40-41b9-afca-8ecd8fa8c277,,2025-10-10 13:02:57
"Casa En Arriendo En Santiago, App",3000000.0,$3.000.000,"Sargento Aldea/ Pedro Lagos, Parque O'Higgins, Santiago",Parque O'Higgins,Santiago,5.0,5.0,,300.0,,https://portalinmobiliario.com/MLC-3195963256-casa-en-arriendo-en-santiago-app-_JM?has_official_store=false&highlight=false&headerTopBrand=false#polycard_client=search-nordic&search_layout=grid&position=34&type=item&tracking_id=11843234-fb40-41b9-afca-8ecd8fa8c277,,2025-10-10 13:02:57
Casa En Arriendo En Barrio República Con Jardín,250.0,$250,"Barrio República, Santiago, Chile, Barrio República, Santiago",Barrio República,Santiago,14.0,6.0,,680.0,,https://portalinmobiliario.com/MLC-3193506636-casa-en-arriendo-en-barrio-republica-con-jardin-_JM?has_official_store=false&highlight=false&headerTopBrand=false#polycard_client=search-nordic&search_layout=grid&position=35&type=item&tracking_id=11843234-fb40-41b9-afca-8ecd8fa8c277,,2025-10-10 13:02:57
General Gana  -  Arturo Prat  -  Casa Comercial,980000.0,$980.000,"Gral. Gana 1041, Santiago, Franklin - Biobío, Santiago",Franklin - Biobío,Santiago,5.0,2.0,,220.0,,https://portalinmobiliario.com/MLC-1686972379-general-gana-arturo-prat-casa-comercial-_JM?has_official_store=false&highlight=false&headerTopBrand=false#polycard_client=search-nordic&search_layout=grid&position=36&type=item&tracking_id=11843234-fb40-41b9-afca-8ecd8fa8c277,,2025-10-10 13:02:57
Casa En Arriendo Barrio Yungay En Santiago,90.0,$90,"Barrio Yungay, Barrio Yungay, Santiago",Barrio Yungay,Santiago,14.0,6.0,,282.0,,https://portalinmobiliario.com/MLC-3110921272-casa-en-arriendo-barrio-yungay-en-santiago-_JM?has_official_store=false&highlight=false&headerTopBrand=false#polycard_client=search-nordic&search_layout=grid&position=37&type=item&tracking_id=11843234-fb40-41b9-afca-8ecd8fa8c277,,2025-10-10 13:02:57
Maule / Portugal / Santiago,1000000.0,$1.000.000,"Maule 285, Santiago, Chile, Bogotá - Sierra Bella, Santiago",Bogotá - Sierra Bella,Santiago,4.0,2.0,,125.0,,https://portalinmobiliario.com/MLC-3114541586-maule-portugal-santiago-_JM?has_official_store=false&highlight=false&headerTopBrand=false#polycard_client=search-nordic&search_layout=grid&position=38&type=item&tracking_id=11843234-fb40-41b9-afca-8ecd8fa8c277,,2025-10-10 13:02:57
Maule Con Portugal,1000000.0,$1.000.000,"Maule 285, Santiago, Chile, Bogotá - Sierra Bella, Santiago",Bogotá - Sierra Bella,Santiago,4.0,2.0,,125.0,,https://portalinmobiliario.com/MLC-3156735614-maule-con-portugal-_JM?has_official_store=false&highlight=false&headerTopBrand=false#polycard_client=search-nordic&search_layout=grid&position=39&type=item&tracking_id=11843234-fb40-41b9-afca-8ecd8fa8c277,,2025-10-10 13:02:57
Hermosa Casa Frente Fantasilandia Uso Comercial O Habitacion,1590000.0,$1.590.000,"Beaucheff 1149, Santiago, Parque O'Higgins, Santiago",Parque O'Higgins,Santiago,3.0,1.0,,130.0,,https://portalinmobiliario.com/MLC-3114618236-hermosa-casa-frente-fantasilandia-uso-comercial-o-habitacion-_JM?has_official_store=false&highlight=false&headerTopBrand=false#polycard_client=search-nordic&search_layout=grid&position=40&type=item&tracking_id=11843234-fb40-41b9-afca-8ecd8fa8c277,,2025-10-10 13:02:57
"Casa De Estilo Antiguo, Ubicada En  Barrio Matta Sur",720000.0,$720.000,"Victoria 431, Santiago, Bogotá - Sierra Bella, Santiago",Bogotá - Sierra Bella,Santiago,3.0,1.0,,90.0,,https://portalinmobiliario.com/MLC-3185079474-casa-de-estilo-antiguo-ubicada-en-barrio-matta-sur-_JM?has_official_store=false&highlight=false&headerTopBrand=false#polycard_client=search-nordic&search_layout=grid&position=41&type=item&tracking_id=11843234-fb40-41b9-afca-8ecd8fa8c277,,2025-10-10 13:02:57
Arriendo Casa 2° Piso Totalmente Independiente,440000.0,$440.000,"Cuevas 1999, Bogotá - Sierra Bella, Santiago",Bogotá - Sierra Bella,Santiago,2.0,1.0,,60.0,,https://portalinmobiliario.com/MLC-3176502564-arriendo-casa-2-piso-totalmente-independiente-_JM?has_official_store=false&highlight=false&headerTopBrand=false#polycard_client=search-nordic&search_layout=grid&position=42&type=item&tracking_id=11843234-fb40-41b9-afca-8ecd8fa8c277,,2025-10-10 13:02:57
Acogedora Casa Patrimonial Barrio Club Hipico,650000.0,$650.000,"Gral. Jarpa 600 - 900, Santiago, Club Hípico, Santiago",Club Hípico,Santiago,4.0,2.0,,137.0,,https://portalinmobiliario.com/MLC-3205786554-acogedora-casa-patrimonial-barrio-club-hipico-_JM?has_official_store=false&highlight=false&headerTopBrand=false#polycard_client=search-nordic&search_layout=grid&position=43&type=item&tracking_id=11843234-fb40-41b9-afca-8ecd8fa8c277,,2025-10-10 13:02:57
Arriendo Casa Pequeña Colonial Stgo. Centro Sur,430000.0,$430.000,"Bio Bio  SN, Franklin - Biobío, Santiago",Franklin - Biobío,Santiago,2.0,1.0,,58.0,,https://portalinmobiliario.com/MLC-3177880354-arriendo-casa-pequena-colonial-stgo-centro-sur-_JM?has_official_store=false&highlight=false&headerTopBrand=false#polycard_client=search-nordic&search_layout=grid&position=44&type=item&tracking_id=11843234-fb40-41b9-afca-8ecd8fa8c277,,2025-10-10 13:02:57
Cómoda Casa Cercana A Línea 5,610000.0,$610.000,"Av. Pdte. Balmaceda 2200, 8350088 Santiago, Región Metropolitana, Chile, Parque Los Reyes, Santiago",Parque Los Reyes,Santiago,3.0,2.0,,140.0,,https://portalinmobiliario.com/MLC-1698615899-comoda-casa-cercana-a-linea-5-_JM?has_official_store=false&highlight=false&headerTopBrand=false#polycard_client=search-nordic&search_layout=grid&position=45&type=item&tracking_id=11843234-fb40-41b9-afca-8ecd8fa8c277,,2025-10-10 13:02:57
Casa En Cité Patrimonial Leer Descripción Antes De Preguntar,610000.0,$610.000,"Nueva De Valdes 664, San Diego, Santiago",San Diego,Santiago,3.0,2.0,,100.0,,https://portalinmobiliario.com/MLC-3199285540-casa-en-cite-patrimonial-leer-descripcion-antes-de-preguntar-_JM?has_official_store=false&highlight=false&headerTopBrand=false#polycard_client=search-nordic&search_layout=grid&position=46&type=item&tracking_id=11843234-fb40-41b9-afca-8ecd8fa8c277,,2025-10-10 13:02:57
"Casa En Arriendo Para Oficina, Hogar De Ancianos O Instituto",260.0,$260,"Cienfuegos, Santiago, Barrio Brasil, Santiago",Barrio Brasil,Santiago,43.0,10.0,,960.0,,https://portalinmobiliario.com/MLC-1689338077-casa-en-arriendo-para-oficina-hogar-de-ancianos-o-instituto-_JM?has_official_store=false&highlight=false&headerTopBrand=false#polycard_client=search-nordic&search_layout=grid&position=47&type=item&tracking_id=11843234-fb40-41b9-afca-8ecd8fa8c277,,2025-10-10 13:02:57
Amplia Y Versátil Casa En El  Mejor Sector Del Barrio Yungay,1100000.0,$1.100.000,"Compañía De Jesús 2820, 8.3502e+06 - 8.3505e+06 Santiago, Región Metropolitana, Chile, Barrio Yungay, Santiago",Barrio Yungay,Santiago,5.0,2.0,,198.0,,https://portalinmobiliario.com/MLC-3180535520-amplia-y-versatil-casa-en-el-mejor-sector-del-barrio-yungay-_JM?has_official_store=false&highlight=false&headerTopBrand=false#polycard_client=search-nordic&search_layout=grid&position=48&type=item&tracking_id=11843234-fb40-41b9-afca-8ecd8fa8c277,,2025-10-10 13:02:57
Arriendo Casa 4 Dormitorios En Cité,440000.0,$440.000,"Conferencia 1257, Santiago, Club Hípico, Santiago",Club Hípico,Santiago,4.0,1.0,,54.0,,https://portalinmobiliario.com/MLC-3121857760-arriendo-casa-4-dormitorios-en-cite-_JM?has_official_store=false&highlight=false&headerTopBrand=false#polycard_client=search-nordic&search_layout=grid&position=1&type=item&tracking_id=820292b1-5881-4745-8e59-9b3e14c458b9,,2025-10-10 13:02:57
Casa En Arriendo De 4 Dorm. En Santiago,550000.0,$550.000,"FRAY CAMILO HENRÍQUEZ 948, Barrio Diez De Julio, Santiago",Barrio Diez De Julio,Santiago,4.0,2.0,,80.0,,https://portalinmobiliario.com/MLC-1706194659-casa-en-arriendo-de-4-dorm-en-santiago-_JM?has_official_store=false&highlight=false&headerTopBrand=false#polycard_client=search-nordic&search_layout=grid&position=2&type=item&tracking_id=820292b1-5881-4745-8e59-9b3e14c458b9,,2025-10-10 13:02:57
"Casa Remodelada, Ideal Uso Comercial.",1000000.0,$1.000.000,"Artemio Gutiérrez, Santiago, Bogotá - Sierra Bella, Santiago",Bogotá - Sierra Bella,Santiago,6.0,2.0,,160.0,,https://portalinmobiliario.com/MLC-3125314388-casa-remodelada-ideal-uso-comercial-_JM?has_official_store=false&highlight=false&headerTopBrand=false#polycard_client=search-nordic&search_layout=grid&position=3&type=item&tracking_id=820292b1-5881-4745-8e59-9b3e14c458b9,,2025-10-10 13:02:57
Se Arrienda Amplia Casa De Dos Pisos,1100000.0,$1.100.000,"Sta. Elena 1407, Santiago, Bogotá - Sierra Bella, Santiago",Bogotá - Sierra Bella,Santiago,4.0,2.0,,150.0,,https://portalinmobiliario.com/MLC-1716042229-se-arrienda-amplia-casa-de-dos-pisos-_JM?has_official_store=false&highlight=false&headerTopBrand=false#polycard_client=search-nordic&search_layout=grid&position=4&type=item&tracking_id=820292b1-5881-4745-8e59-9b3e14c458b9,,2025-10-10 13:02:57
Cpm Arriendo Casa Comercial San Isidro 459 7 Habitaciones,40.0,$40,"San Isidro 459, Santiago, Santa Isabel, Santiago",Santa Isabel,Santiago,8.0,3.0,,342.0,,https://portalinmobiliario.com/MLC-1706860695-cpm-arriendo-casa-comercial-san-isidro-459-7-habitaciones-_JM?has_official_store=false&highlight=false&headerTopBrand=false#polycard_client=search-nordic&search_layout=grid&position=5&type=item&tracking_id=820292b1-5881-4745-8e59-9b3e14c458b9,,2025-10-10 13:02:57
Casa Ideal Para Hostal,260.0,$260,"Cienfuegos 26, Santiago, Barrio Brasil, Santiago",Barrio Brasil,Santiago,38.0,5.0,,940.0,,https://portalinmobiliario.com/MLC-3174019498-casa-ideal-para-hostal-_JM?has_official_store=false&highlight=false&headerTopBrand=false#polycard_client=search-nordic&search_layout=grid&position=6&type=item&tracking_id=820292b1-5881-4745-8e59-9b3e14c458b9,,2025-10-10 13:02:57
"Excelente Casa Remodelada  , Con 94 Metros De Construcción,",750001.0,$750.001,"Roberto Espinoza 1424, Santiago, Chile, Parque O'Higgins, Santiago",Parque O'Higgins,Santiago,3.0,2.0,,94.0,,https://portalinmobiliario.com/MLC-1714014603-excelente-casa-remodelada-con-94-metros-de-construccion-_JM?has_official_store=false&highlight=false&headerTopBrand=false#polycard_client=search-nordic&search_layout=grid&position=7&type=item&tracking_id=820292b1-5881-4745-8e59-9b3e14c458b9,,2025-10-10 13:02:57
"Amplia Casa 2 Pisos , Remodelada , 3 Dormitorios , 2 Baños .",750000.0,$750.000,"Roberto Espinoza 1424, Santiago, Chile, Parque O'Higgins, Santiago",Parque O'Higgins,Santiago,3.0,2.0,,94.0,,https://portalinmobiliario.com/MLC-1711622205-amplia-casa-2-pisos-remodelada-3-dormitorios-2-banos--_JM?has_official_store=false&highlight=false&headerTopBrand=false#polycard_client=search-nordic&search_layout=grid&position=8&type=item&tracking_id=820292b1-5881-4745-8e59-9b3e14c458b9,,2025-10-10 13:02:57
Casa En Arriendo De 5 Dorm. En Santiago,42.0,$42,"Pedro León Ugalde / Santa Elvira, Bogotá - Sierra Bella, Santiago",Bogotá - Sierra Bella,Santiago,5.0,3.0,,263.0,,https://portalinmobiliario.com/MLC-1704734329-casa-en-arriendo-de-5-dorm-en-santiago-_JM?has_official_store=false&highlight=false&headerTopBrand=false#polycard_client=search-nordic&search_layout=grid&position=9&type=item&tracking_id=820292b1-5881-4745-8e59-9b3e14c458b9,Fuenzalida Santiago Centro,2025-10-10 13:02:57
"Casa Ideal Para Empresas, Taller Ofician Y Bodegaje",1300000.0,$1.300.000,"Ventura Lavalle 300 - 600, Santiago, Bogotá - Sierra Bella, Santiago",Bogotá - Sierra Bella,Santiago,3.0,3.0,,110.0,,https://portalinmobiliario.com/MLC-1713965893-casa-ideal-para-empresas-taller-ofician-y-bodegaje-_JM?has_official_store=false&highlight=false&headerTopBrand=false#polycard_client=search-nordic&search_layout=grid&position=10&type=item&tracking_id=820292b1-5881-4745-8e59-9b3e14c458b9,,2025-10-10 13:02:57
Casa Santo Domingo/rosas,2400000.0,$2.400.000,"Santo Domingo/Rosas, Centro Histórico De Santiago, Santiago",Centro Histórico De Santiago,Santiago,14.0,5.0,,396.0,,https://portalinmobiliario.com/MLC-3188747616-casa-santo-domingorosas-_JM?has_official_store=false&highlight=false&headerTopBrand=false#polycard_client=search-nordic&search_layout=grid&position=11&type=item&tracking_id=820292b1-5881-4745-8e59-9b3e14c458b9,,2025-10-10 13:02:57
"Casa 2 Pisos  Beaucheff Santiago, Región Metropolitana",750000.0,$750.000,"Beaucheff 1375, Santiago, Parque O'Higgins, Santiago",Parque O'Higgins,Santiago,3.0,1.0,,35.0,,https://portalinmobiliario.com/MLC-1708441975-casa-2-pisos-beaucheff-santiago-region-metropolitana-_JM?has_official_store=false&highlight=false&headerTopBrand=false#polycard_client=search-nordic&search_layout=grid&position=12&type=item&tracking_id=820292b1-5881-4745-8e59-9b3e14c458b9,,2025-10-10 13:02:57
"Departamento Nuevo, 2 Dormitorios, 2 Baños!!",460000.0,$460.000,"Abate Molina 478, Santiago, Barrio República, Santiago",Barrio República,Santiago,2.0,2.0,,49.0,,https://portalinmobiliario.com/MLC-1710264035-departamento-nuevo-2-dormitorios-2-banos-_JM?has_official_store=false&highlight=false&headerTopBrand=false#polycard_client=search-nordic&search_layout=grid&position=13&type=item&tracking_id=820292b1-5881-4745-8e59-9b3e14c458b9,,2025-10-10 13:02:57
"Nueva, Totalmente Remodelada 14 Dormitor. 6 Baños 2 Cocinas",70.0,$70,"Maipú 114, Santiago, Barrio Yungay, Santiago",Barrio Yungay,Santiago,14.0,6.0,,282.0,,https://portalinmobiliario.com/MLC-3198824326-nueva-totalmente-remodelada-14-dormitor-6-banos-2-cocinas-_JM?has_official_store=false&highlight=false&headerTopBrand=false#polycard_client=search-nordic&search_layout=grid&position=14&type=item&tracking_id=820292b1-5881-4745-8e59-9b3e14c458b9,,2025-10-10 13:02:57
Magnífica Casa Stg Centro - 3 Dormitorios - Líder - Colegios,550000.0,$550.000,"Gral. Bulnes 1007, Santiago, Parque Los Reyes, Santiago",Parque Los Reyes,Santiago,3.0,1.0,,65.0,,https://portalinmobiliario.com/MLC-3192967518-magnifica-casa-stg-centro-3-dormitorios-lider-colegios-_JM?has_official_store=false&highlight=false&headerTopBrand=false#polycard_client=search-nordic&search_layout=grid&position=15&type=item&tracking_id=820292b1-5881-4745-8e59-9b3e14c458b9,,2025-10-10 13:02:57
600 Mil. Debe Hacer Oferta Compra . Precio 130 Millones.,600000.0,$600.000,"Gral. Jarpa 886, Santiago, Club Hípico, Santiago",Club Hípico,Santiago,4.0,1.0,,141.0,,https://portalinmobiliario.com/MLC-3188879578-600-mil-debe-hacer-oferta-compra-precio-130-millones-_JM?has_official_store=false&highlight=false&headerTopBrand=false#polycard_client=search-nordic&search_layout=grid&position=16&type=item&tracking_id=820292b1-5881-4745-8e59-9b3e14c458b9,,2025-10-10 13:02:57
